Reg,make,PCO exp.
LS14 CEK,PASSAT CC,05/06/2017
LS14 CEN,PASSAT CC,05/06/2017
LS14 CEA,PASSAT CC,05/06/2017
LS14 CCU,PASSAT CC,05/06/2017
LS14 CEJ,PASSAT CC,05/06/2017
LS14 CEF,PASSAT CC,05/06/2017
LR14 VZM,PASSAT CC,05/06/2017
LR14 VZL,PASSAT CC,05/06/2017
LS14 CDF,PASSAT CC,05/07/2017
LS14 CDE,PASSAT CC,05/07/2017
LS14 CCY,PASSAT CC,06-18-2017
LS14 CCZ,PASSAT CC,05/07/2017
LS14 CDU,PASSAT CC,05/08/2017
LS14 CDO,PASSAT CC,05/08/2017
LS14 CDN,PASSAT CC,05/08/2017
LS14 CDZ,PASSAT CC,05/08/2017
LS14 CDY,PASSAT CC,05/08/2017
LS14 CDX,PASSAT CC,05/08/2017
LS14 CDK,PASSAT CC,05/08/2017
LM63 PBX,PASSAT CC,11-20-2016
LM63 PBY,PASSAT CC,11-20-2016
LM63 XBZ,PASSAT CC,11-20-2016
LM63 XBY,PASSAT CC,11-20-2016
LM63 PBZ,PASSAT CC,11-25-2016
LM63 PCF,PASSAT CC,11-23-2016
LL63 CXX,PASSAT CC,11-25-2016
LL63 CYE,PASSAT CC,11-25-2016
LM63 XDN,PASSAT CC,11-25-2016
LM63 XDO,PASSAT CC,12-21-2016
LL63 CYF,PASSAT CC,11-26-2016
LL63 CXT,PASSAT CC,11-26-2016
LL63 CXV,PASSAT CC,01/07/2017
LL63 CXW,PASSAT CC,11-26-2016
LM63 OZF,PASSAT CC,11-26-2016
LM63 XDL,PASSAT CC,12/08/2016
LL63 CXY,PASSAT CC,11-26-2016
LL63 CXS,PASSAT CC,12/09/2016
LL63 CYC,PASSAT CC,12/09/2016
LL63 CXU,PASSAT CC,12/09/2016
LL63 CYA,PASSAT CC,12/09/2016
LL63 CXZ,PASSAT CC,12/09/2016
LS14 CDV,PASSAT CC,05/08/2017
LS14 CFN,PASSAT CC,06-16-2017
LS14 CCJ,PASSAT CC,06-17-2017
LR14 VZV,PASSAT CC,06-17-2017
LR14 VZU,PASSAT CC,06-25-2017
LR14 VZT,PASSAT CC,06-17-2017
LR14 VZS,PASSAT CC,06-18-2017
LS14 CFM,PASSAT CC,06-17-2017
LS14 CFL,PASSAT CC,06-16-2017
LS14 CFK,PASSAT CC,06-28-2017
LR14 VZP,PASSAT CC,06-18-2017
LS14 CFJ,PASSAT CC,06-21-2017
LS14 CFO,PASSAT CC,06-16-2017
LS14 CFF,PASSAT CC,06/09/2017
LS14 CFE,PASSAT CC,06-17-2017
LR14 VZO,PASSAT CC,06-18-2017
LS14 CFD,PASSAT CC,06-17-2017
LS14 CFA,PASSAT CC,06/01/2017
LS14 CEX,PASSAT CC,06-17-2017
LR14 VZN,PASSAT CC,06-18-2017
LS14 CEO,PASSAT CC,06-17-2017
LS14 CEU,PASSAT CC,06-16-2017
LS14 CFG,PASSAT CC,07-27-2017
RF13 DLJ,PASSAT HIGHLINE,08-26-2017
LS64 VOT,PASSAT CC,02-28-2017
LS64 VOF,PASSAT CC,02-28-2017
LS64 VOG,PASSAT CC,07/12/2017
LM64 LFA,PASSAT CC,07-13-2017
LM64 LFB,PASSAT CC,07/12/2017
LM64 UXD,Sharan,11-27-2016
LM64 UXE,Sharan,11-27-2016
LM64 UXG,Sharan,11-27-2016
LM64 ZBY,Sharan,02/09/2017
LM64 UXC,Sharan,11-27-2016
LM64 UXB,Sharan,11-27-2016
LM64 OEX,Sharan,11-27-2016
LM64 UWR,Sharan,11-27-2016
LM64 UWS,Sharan,11-27-2016
LM64 UWT,Sharan,11-27-2016
LM64 UWU,Sharan,11-27-2016
LM64 UWV,Sharan,11-27-2016
LM64 UWW,Sharan,11-27-2016
LM64 UWX,Sharan,11-27-2016
LM64 UWY,Sharan,11-27-2016
LM64 UWZ,Sharan,11-27-2016
LM64 UXA,Sharan,11-27-2016
LM64 UWO,Sharan,11-27-2016
LL64 NZP,Sharan,03/11/2017
LL64 NZS,Sharan,04-13-2017
LL64 NZO,Sharan,09/08/2017
LL64 NZR,Sharan,10-15-2016
LO64 LDY,PASSAT CC,10-19-2016
LS64 VOO,PASSAT CC,10/05/2017
LS64 VOB,PASSAT CC,03/03/2017
LS64 VOK,PASSAT CC,10/05/2017
LS64 VOY,PASSAT CC,07-13-2017
LS64 VOJ,PASSAT CC,07/12/2017
LS64 VOP,PASSAT CC,03/02/2017
LM64 UWP,Sharan,11-27-2016
LM64 UXF,Sharan,11-27-2016
LM64 ZBZ,Sharan,11-27-2016
LS64 VOV,PASSAT CC,03/03/2017
LS64 VOH,PASSAT CC,07/12/2017
RF14 XPD,S,08-28-2017
LL64 KNH,S,12/08/2016
LR62 VZK,Prius,10-22-2016
LT62 MJK,Prius,11/01/2016
LT62 MJO,Prius,10-31-2016
LT62 MJU,Prius,10-27-2016
LT62 MJV,Prius,11/04/2016
LT62 MJX,Prius,11/04/2016
LT62 MKF,Prius,11/04/2016
LT62 MKJ,Prius,11/04/2016
LT62 MKK,Prius,11/05/2016
LT62 MKL,Prius,11/03/2016
LT62 MKM,Prius,10-22-2016
LT62 MKN,Prius,11/04/2016
LM62 JKY,Prius,11-26-2016
LM62 JKZ,Prius,11/06/2016
LM62 JLO,Prius,11/04/2016
LM62 JLU,Prius,11/05/2016
LM62 RJX,Prius,11/07/2016
LM62 RJY,Prius,11/06/2016
LR62 WCO,Prius,11/04/2016
LR62 WCT,Prius,11/01/2016
LR62 WCU,Prius,10-31-2016
LR62 WCV,Prius,10-21-2016
LR62 WCW,Prius,10-31-2016
LT62 MKG,Prius,11-25-2016
LR62 VOC,Prius,07-20-2017
LR62 VOK,Prius,12-14-2016
LR62 VOP,Prius,07-21-2017
LR62 VUT,Prius,11-26-2016
LR62 VUV,Prius,11-26-2016
LM62 WHH,Prius,11-27-2016
LS62 WHX,Prius,12/09/2016
LS62 WKG,Prius,01-17-2017
LL62 RZC,Prius,11-25-2016
LL62 RZD,Prius,11-25-2016
LL62 RZE,Prius,11-25-2016
LL62 RYW,Prius,11-26-2016
LL62 RZA,Prius,07-20-2017
LL62 RZB,Prius,01-29-2017
LL62 RYX,Prius,02-17-2017
LL62 RYY,Prius,11-27-2016
LL62 RYZ,Prius,11-28-2016
LS62 WJU,Prius,02-20-2017
LS62 WJX,Prius,02-21-2017
LS62 WJZ,Prius,05/12/2017
LS62 WNZ,Prius,02-21-2017
LP62 ZDC,Prius,07-23-2017
LP62 ZDD,Prius,02-18-2017
LP62 ZDE,Prius,02-18-2017
LP62 ZDF,Prius,03-22-2017
LP62 ZDJ,Prius,02-18-2017
LP62 ZDM,Prius,02-20-2017
LL62 VVD,Prius,02-14-2017
LL62 VVF,Prius,02/06/2017
LL62 VVG,Prius,02-20-2017
LP62 VMD,Prius,02-21-2017
LP62 VME,Prius,02-21-2017
LP62 VMF,Prius,07-22-2017
LP62 VMG,Prius,07-16-2017
LP62 VMT,Prius,02-24-2017
LP62 VMU,Prius,03/09/2017
LT13 CPV,Prius,06-25-2017
LT13 CRK,Prius,03-19-2017
LT13 CRX,Prius,03-19-2017
LT13 CPF,Prius,05-17-2017
LT13 CPX,Prius,03-20-2017
LT13 CPZ,Prius,03-20-2017
LT13 CRV,Prius,03-20-2017
LT13 CPU,Prius,03-21-2017
LT13 HRF,Prius,05/07/2017
LT13 HRG,Prius,05-18-2017
LT13 HRM,Prius,03-20-2017
LT13 HRL,Prius,05/10/2017
LT13 HRN,Prius,04-23-2017
LT13 HRO,Prius,04-21-2017
LT13 HRR,Prius,03-21-2017
LR13 RDZ,Prius,05/07/2017
LR13 REU,Prius,04-23-2017
LR13 RFE,Prius,04-26-2017
LR13 RFX,Prius,04-25-2017
LR13 RFN,Prius,05/04/2017
LR13 RGO,Prius,05/09/2017
LR13 RGX,Prius,05/09/2017
LR13 XNM,Prius,04-24-2017
LR13 XNO,Prius,04-24-2017
LR13 XNP,Prius,09-17-2017
LR13 XNJ,Prius,06-18-2017
LR13 XNL,Prius,04-25-2017
LR13 XNT,Prius,04-25-2017
LP13 DLK,Prius,08-27-2017
LP13 DLY,Prius,08-18-2017
LP13 DMF,Prius,08-21-2017
LP13 DMV,Prius,09/01/2017
LP13 EUA,Prius,08-30-2017
LP13 EUB,Prius,08-20-2017
LP13 EUD,Prius,08-20-2017
LP13 EUE,Prius,08-20-2017
LP13 EUF,Prius,09-26-2017
LP13 EUJ,Prius,08-24-2017
LP13 EUL,Prius,08-22-2017
LP13 ODE,Prius,08-31-2017
LP13 ODF,Prius,08-29-2017
LP13 ODG,Prius,09/03/2017
LM13 ZSE,Prius,08-28-2017
LK63 WXA,Prius,10/12/2016
LK63 WXB,Prius,09/11/2017
LK63 WXD,Prius,09/12/2017
LN63 AGU,Prius,09-26-2017
LN63 AGX,Prius,09-22-2017
LN63 AGY,Prius,09-23-2017
LN63 AGZ,Prius,09-25-2017
LN63 AHF,Prius,11-29-2016
LN63 PJU,Prius,10/08/2017
LN63 PJV,Prius,11/02/2016
LN63 PJX,Prius,10/07/2017
LN63 PJY,Prius,10/07/2017
LR63 JVW,Prius,10/07/2017
LT63 YAW,Prius,10/05/2017
LT63 YAX,Prius,10/07/2017
LT63 YBE,Prius,10/07/2017
LM14 OHY,Prius,06/03/2017
LM14 OHX,Prius,06/01/2017
LM14 OHU,Prius,06/03/2017
LM14 OHW,Prius,06-23-2017
LM14 OHV,Prius,06/03/2017
LM14 OHG,Prius,06/03/2017
LL14 AKV,Prius,07-30-2017
LL14 AKO,Prius,06/08/2017
LM14 OJF,Prius,06/08/2017
LM14 OHZ,Prius,07-19-2017
KE14 CKY,Prius,08-17-2017
KE14 CLF,Prius,08-31-2017
KE14 CLJ,Prius,09-28-2017
KE14 CLY,Prius,08-17-2017
KE14 CLU,Prius,08-21-2017
KE14 CLN,Prius,08-19-2017
KE14 CKN,Prius,08-19-2017
KE14 CLZ,Prius,08-19-2017
KE14 CLV,Prius,09-14-2017
LP14 XAG,Prius,09/09/2017
LP14 XAU,Prius,08-28-2017
LP14 XAO,Prius,08-27-2017
LP14 XAR,Prius,08-26-2017
LP14 XAJ,Prius,08-25-2017
LP14 XAL,Prius,08-25-2017
LP14 XAD,Prius,08-26-2017
LP14 XAF,Prius,08/05/2017
LP14 XAC,Prius,08-27-2017
LP14 XAE,Prius,08-28-2017
LN64 NRO,Prius,09/10/2017
LN64 NRZ,Prius,09-16-2017
LN64 NRV,Prius,09/11/2017
LN64 NRL,Prius,09-13-2017
LN64 NRU,Prius,09/10/2017
LN64 NRE,Prius,12/06/2016
LN64 NRK,Prius,09-16-2017
LN64 NPV,Prius,09-15-2017
LR64 NHC,Prius,09-30-2017
LT64 UHO,Prius,09-25-2017
LT64 UHW,Prius,09-25-2017
LT64 UHY,Prius,09-25-2017
LT64 UJE,Prius,09-25-2017
LT64 UJF,Prius,09-28-2017
LT64 UHS,Prius,09-28-2017
LT64 UJD,Prius,09-28-2017
LT64 UGZ,Prius,10/07/2017
LR64 NHK,Prius,10/09/2017
LR64 NHJ,Prius,10/09/2017
LR64 NHH,Prius,10/12/2016
LR64 NHG,Prius,10/12/2017
LR64 NHF,Prius,10/12/2017
LR64 NHE,Prius,10/12/2016
LR64 NHA,Prius,10-22-2016
LR64 NHD,Prius,10-13-2016
LR64 NHB,Prius,10-13-2016
LS64 LRV,Prius,11/03/2016
LS64 ZKH,Prius,11-30-2016
LS64 ZKG,Prius,11/03/2016
LS64 ZKF,Prius,11-27-2016
LS64 ZKE,Prius,10-30-2016
LS64 ZJY,Prius,10-30-2016
LS64 ZJX,Prius,11/02/2016
LS64 ZJU,Prius,11/02/2016
LS64 LSV,Prius,11/02/2016
LS64 ZKJ,Prius,12/06/2016
LN64 NPK,Prius,11-17-2016
LK65 YHA,Prius,09-13-2017
LK65 YHB,Prius,09-13-2017
LK65 YHC,Prius,09-13-2017
LK65 YHD,Prius,09-13-2017
LK65 YHE,Prius,09-13-2017
LK65 YHF,Prius,09-13-2017
LK65 YHG,Prius,09-13-2017
LK65 YHH,Prius,09-13-2017
LK65 YHJ,Prius,09-13-2017
LK65 YHL,Prius,09-13-2017
LK65 YHM,Prius,09-13-2017
LK65 YHN,Prius,09-13-2017
LK65 YHP,Prius,09-13-2017
LK65 YHR,Prius,09-13-2017
LT65 OZA,Prius,09/07/2017
LT65 OZB,Prius,09/07/2017
LT65 OYZ,Prius,09/07/2017
LT65 OYY,Prius,09/02/2017
LT65 OZC,Prius,09/07/2017
LT65 OYX,Prius,09/02/2017
LT65 OYW,Prius,09/02/2017
LT65 OYS,Prius,09/01/2017
LT65 OYU,Prius,09/01/2017
LT65 OYV,Prius,09/02/2017
LT65 OZH,Prius,09/01/2017
LT65 OZG,Prius,09/08/2017
LT65 OZE,Prius,09/08/2017
LT65 OZF,Prius,09/08/2017
LT65 OZD,Prius,09/08/2017
LK66 ZKY,Prius 3,09/04/2017
LK66 ZKX,Prius 3,09/04/2017
LK66 ZKW,Prius 3,09/04/2017
LK66 ZKU,Prius 3,09/04/2017
LK66 ZKT,Prius 3,09/04/2017
LK66 ZKL,Prius 3,08-31-2017
LK66 ZKZ,Prius 3,09/01/2017
LK66 ZLO,Prius 3,09/01/2017
LK66 ZLU,Prius 3,08-31-2017
LK66 ZLV,Prius 3,09/01/2017
LT66 VUM,Prius 3,09/08/2017
LT66 VUH,Prius 3,09/07/2017
LT66 VVE,Prius 3,09/07/2017
LT66 VUL,Prius 3,09/07/2017
LT66 OVU,Prius 3,09/08/2017
LT66 VVB,Prius 3,09-13-2017
LT66 VUY,Prius 3,09-13-2017
LT66 VVC,Prius 3,09-13-2017
LT66 VVD,Prius 3,09-13-2017
LT66 VWH,Prius 3,09-19-2017
LT66 VWN,Prius 3,09-22-2017
LT66 VWG,Prius 3,09-20-2017
LT66 VWO,Prius 3,09-22-2017
LT66 VWF,Prius 3,09-19-2017
LT66 VWD,Prius 3,09-19-2017
LT66 VWE,Prius 3,09-23-2017
LT66 VWL,Prius 3,09-22-2017
LT66 VWK,Prius 3,09-22-2017
LR66 KZG,Prius 3,09-22-2017
LR66 KZT,Prius 3,09-25-2017
WN65 WVF,Mirai,12/07/2016
WN65 WVG,Mirai,12/07/2016
SO12 FKW,Dispatch,11/11/2016
SO12 FKX,Dispatch,01-25-2017
SN63 YNS,Dispatch,01/11/2017
SN63 YNT,Dispatch,12/02/2016
HJ66 BYG,Tourneo,09-21-2017
HJ66 BYH,Tourneo,09-19-2017
HJ66 BYN,Tourneo,09-22-2017
HJ66 BYF,Tourneo,09-22-2017
HJ66 BYK,Tourneo,09-22-2017
HJ66 BYL,Tourneo,09-25-2017
HJ66 BYT,Tourneo,09-25-2017
HJ66 BYM,Tourneo,09-25-2017
HJ66 BYS,Tourneo,09-26-2017
HJ66 BYD,Tourneo,09-26-2017
HJ66 HWS,Tourneo,10/06/2017
HJ66 BYP,Tourneo,09-27-2017
HJ66 CPY,Tourneo,09-21-2017
YR66 AHO,Tourneo,10/05/2017
YR66 AHF,Tourneo,10/04/2017
YR66 AKV,Tourneo,09-27-2017
YR66 AOZ,Tourneo,10/04/2017
YR66 AED,Tourneo,10/03/2017
YR66 AHY,Tourneo,10/06/2017
YR66 AHP,Tourneo,10/03/2017
LS63 KCK,E220,01-19-2017
LS63 KFJ,E220,10-21-2016
LS63 KMU,E220,10/10/2017
LS63 KNA,E220,10-17-2016
LS63 KJV,E220,11/04/2016
LS63 KEJ,E220,11/05/2016
LS63 KGZ,E220,01/08/2017
