Reg,Model
LS14 CEK,PASSAT CC
LS14 CEN,PASSAT CC
LS14 CEA,PASSAT CC
LS14 CCU,PASSAT CC
LS14 CEJ,PASSAT CC
LS14 CEF,PASSAT CC
LR14 VZM,PASSAT CC
LR14 VZL,PASSAT CC
LS14 CDF,PASSAT CC
LS14 CDE,PASSAT CC
LS14 CCY,PASSAT CC
LS14 CCZ,PASSAT CC
LS14 CDU,PASSAT CC
LS14 CDO,PASSAT CC
LS14 CDN,PASSAT CC
LS14 CDZ,PASSAT CC
LS14 CDY,PASSAT CC
LS14 CDX,PASSAT CC
LS14 CDK,PASSAT CC
LM63 PBX,PASSAT CC
LM63 PBY,PASSAT CC
LM63 XBZ,PASSAT CC
LM63 XBY,PASSAT CC
LM63 PBZ,PASSAT CC
LM63 PCF,PASSAT CC
LL63 CXX,PASSAT CC
LL63 CYE,PASSAT CC
LM63 XDN,PASSAT CC
LM63 XDO,PASSAT CC
LL63 CYF,PASSAT CC
LL63 CXT,PASSAT CC
LL63 CXV,PASSAT CC
LL63 CXW,PASSAT CC
LM63 OZF,PASSAT CC
LM63 XDL,PASSAT CC
LL63 CXY,PASSAT CC
LL63 CXS,PASSAT CC
LL63 CYC,PASSAT CC
LL63 CXU,PASSAT CC
LL63 CYA,PASSAT CC
LL63 CXZ,PASSAT CC
LS14 CDV,PASSAT CC
LS14 CFN,PASSAT CC
LS14 CCJ,PASSAT CC
LR14 VZV,PASSAT CC
LR14 VZU,PASSAT CC
LR14 VZT,PASSAT CC
LR14 VZS,PASSAT CC
LS14 CFM,PASSAT CC
LS14 CFL,PASSAT CC
LS14 CFK,PASSAT CC
LR14 VZP,PASSAT CC
LS14 CFJ,PASSAT CC
LS14 CFO,PASSAT CC
LS14 CFF,PASSAT CC
LS14 CFE,PASSAT CC
LR14 VZO,PASSAT CC
LS14 CFD,PASSAT CC
LS14 CFA,PASSAT CC
LS14 CEX,PASSAT CC
LR14 VZN,PASSAT CC
LS14 CEO,PASSAT CC
LS14 CEU,PASSAT CC
LS14 CFG,PASSAT CC
RF13 DLJ,PASSAT HIGHLINE
LS64 VOU,PASSAT CC
LS64 VOT,PASSAT CC
LS64 VOF,PASSAT CC
LS64 VOG,PASSAT CC
LM64 LFD,PASSAT CC
LM64 LFA,PASSAT CC
LM64 LFB,PASSAT CC
LM64 OEY,PASSAT CC
LM64 ZCT,PASSAT CC
LM64 LFE,PASSAT CC
LM64 UXD,Sharan
LM64 UXE,Sharan
LM64 UXG,Sharan
LM64 ZBY,Sharan
LM64 UXC,Sharan
LM64 UXB,Sharan
LM64 OEX,Sharan
LM64 UWR,Sharan
LM64 UWS,Sharan
LM64 UWT,Sharan
LM64 UWU,Sharan
LM64 UWV,Sharan
LM64 UWW,Sharan
LM64 UWX,Sharan
LM64 UWY,Sharan
LM64 UWZ,Sharan
LM64 UXA,Sharan
LM64 UWO,Sharan
LL64 NZP,Sharan
LL64 NZS,Sharan
LL64 NZO,Sharan
LL64 NZR,Sharan
LO64 LDY,PASSAT CC
LS64 VOM,PASSAT CC
LS64 VOO,PASSAT CC
LS64 VOB,PASSAT CC
LS64 VOK,PASSAT CC
LS64 VOY,PASSAT CC
LS64 VOJ,PASSAT CC
LS64 VOP,PASSAT CC
LM64 UWP,Sharan
LM64 UXF,Sharan
LM64 ZBZ,Sharan
LS64 VOV,PASSAT CC
LS64 VOH,PASSAT CC
RF14 XPD,S
LL64 KNH,S
LG12 PHU,Prius
LL12 UMB,Prius
LL12 UMC,Prius
LL12 UMD,Prius
LL12 UME,Prius
LR62 VZF,Prius
LR62 VZG,Prius
LR62 VZJ,Prius
LR62 VZK,Prius
LR62 VZL,Prius
LR62 WCZ,Prius
LR62 WCX,Prius
LR62 WCY,Prius
LR62 WCP,Prius
LR62 WDC,Prius
LT62 MKZ,Prius
LT62 MLF,Prius
LT62 MLJ,Prius
LT62 MLK,Prius
LT62 MLL,Prius
LT62 MKO,Prius
LT62 MKU,Prius
LT62 MKV,Prius
LT62 MJY,Prius
LT62 MKX,Prius
LT62 MJK,Prius
LT62 MJO,Prius
LT62 MJU,Prius
LT62 MJV,Prius
LT62 MJX,Prius
LT62 MKF,Prius
LT62 MKJ,Prius
LT62 MKK,Prius
LT62 MKL,Prius
LT62 MKM,Prius
LT62 MKN,Prius
LM62 JKY,Prius
LM62 JKZ,Prius
LM62 JLO,Prius
LM62 JLU,Prius
LM62 RJX,Prius
LM62 RJY,Prius
LR62 WCO,Prius
LR62 WCT,Prius
LR62 WCU,Prius
LR62 WCV,Prius
LR62 WCW,Prius
LT62 MKG,Prius
LR62 VOC,Prius
LR62 VOK,Prius
LR62 VOP,Prius
LR62 VUT,Prius
LR62 VUV,Prius
LM62 WHH,Prius
LS62 WHX,Prius
LS62 WKG,Prius
LL62 RZC,Prius
LL62 RZD,Prius
LL62 RZE,Prius
LL62 RYW,Prius
LL62 RZA,Prius
LL62 RZB,Prius
LL62 RYX,Prius
LL62 RYY,Prius
LL62 RYZ,Prius
LS62 WJU,Prius
LS62 WJX,Prius
LS62 WJZ,Prius
LS62 WNZ,Prius
LP62 ZDC,Prius
LP62 ZDD,Prius
LP62 ZDE,Prius
LP62 ZDF,Prius
LP62 ZDJ,Prius
LP62 ZDM,Prius
LL62 VVD,Prius
LL62 VVF,Prius
LL62 VVG,Prius
LP62 VMD,Prius
LP62 VME,Prius
LP62 VMF,Prius
LP62 VMG,Prius
LP62 VMT,Prius
LP62 VMU,Prius
LT13 CPV,Prius
LT13 CRK,Prius
LT13 CRX,Prius
LT13 CPF,Prius
LT13 CPX,Prius
LT13 CPZ,Prius
LT13 CRV,Prius
LT13 CPU,Prius
LT13 HRF,Prius
LT13 HRG,Prius
LT13 HRM,Prius
LT13 HRL,Prius
LT13 HRN,Prius
LT13 HRO,Prius
LT13 HRR,Prius
LR13 RDZ,Prius
LR13 REU,Prius
LR13 RFE,Prius
LR13 RFX,Prius
LR13 RFN,Prius
LR13 RGO,Prius
LR13 RGX,Prius
LR13 XNM,Prius
LR13 XNO,Prius
LR13 XNP,Prius
LR13 XNJ,Prius
LR13 XNL,Prius
LR13 XNT,Prius
LP13 DLJ,Prius
LP13 DLK,Prius
LP13 DLY,Prius
LP13 DMF,Prius
LP13 DMV,Prius
LP13 EUA,Prius
LP13 EUB,Prius
LP13 EUD,Prius
LP13 EUE,Prius
LP13 EUF,Prius
LP13 EUJ,Prius
LP13 EUL,Prius
LP13 ODE,Prius
LP13 ODF,Prius
LP13 ODG,Prius
LM13 ZSE,Prius
LK63 WXA,Prius
LK63 WXB,Prius
LK63 WXC,Prius
LK63 WXD,Prius
LK63 WXE,Prius
LN63 AGU,Prius
LN63 AGX,Prius
LN63 AGY,Prius
LN63 AGZ,Prius
LN63 AHF,Prius
LT63 YBF,Prius
LN63 PJO,Prius
LN63 PJU,Prius
LN63 PJV,Prius
LN63 PJX,Prius
LN63 PJY,Prius
LR63 JVW,Prius
LT63 YAW,Prius
LT63 YAX,Prius
LT63 YBE,Prius
LM14 OHY,Prius
LM14 OHX,Prius
LM14 OHU,Prius
LM14 OHW,Prius
LM14 OHV,Prius
LM14 OHG,Prius
LL14 AKV,Prius
LL14 AKO,Prius
LM14 OJF,Prius
LM14 OHZ,Prius
KE14 CKY,Prius
KE14 CLF,Prius
KE14 CLJ,Prius
KE14 CLY,Prius
KE14 CLU,Prius
KE14 CLN,Prius
KE14 CKN,Prius
KE14 CLZ,Prius
KE14 CLV,Prius
KE14 CKV,Prius
LP14 XAG,Prius
LP14 XAU,Prius
LP14 XAO,Prius
LP14 XAR,Prius
LP14 XAJ,Prius
LP14 XAL,Prius
LP14 XAD,Prius
LP14 XAF,Prius
LP14 XAC,Prius
LP14 XAE,Prius
LN64 NRO,Prius
LN64 NRZ,Prius
LN64 NRV,Prius
LN64 NRL,Prius
LN64 NRU,Prius
LN64 NRE,Prius
LN64 NRK,Prius
LN64 NPZ,Prius
LN64 NPV,Prius
LR64 NHC,Prius
LT64 UHO,Prius
LT64 UHV,Prius
LT64 UHW,Prius
LT64 UHX,Prius
LT64 UHY,Prius
LT64 UJE,Prius
LT64 UJF,Prius
LT64 UHS,Prius
LT64 UJD,Prius
LT64 UGZ,Prius
LR64 NHK,Prius
LR64 NHJ,Prius
LR64 NHH,Prius
LR64 NHG,Prius
LR64 NHF,Prius
LR64 NHE,Prius
LR64 NHA,Prius
LR64 NHD,Prius
LR64 NHB,Prius
LS64 LRV,Prius
LS64 ZKH,Prius
LS64 ZKG,Prius
LS64 ZKF,Prius
LS64 ZKE,Prius
LS64 ZJY,Prius
LS64 ZJX,Prius
LS64 ZJU,Prius
LS64 LSV,Prius
LS64 ZKJ,Prius
LN64 NPK,Prius
LK65 YHA,Prius
LK65 YHB,Prius
LK65 YHC,Prius
LK65 YHD,Prius
LK65 YHE,Prius
LK65 YHF,Prius
LK65 YHG,Prius
LK65 YHH,Prius
LK65 YHJ,Prius
LK65 YHL,Prius
LK65 YHM,Prius
LK65 YHN,Prius
LK65 YHP,Prius
LK65 YHR,Prius
LT65 OZA,Prius
LT65 OZB,Prius
LT65 OYZ,Prius
LT65 OYY,Prius
LT65 OZC,Prius
LT65 OYX,Prius
LT65 OYW,Prius
LT65 OYS,Prius
LT65 OYU,Prius
LT65 OYV,Prius
LT65 OZH,Prius
LT65 OZG,Prius
LT65 OZE,Prius
LT65 OZF,Prius
LT65 OZD,Prius
WN65 WVF,Mirai
WN65 WVG,Mirai
SO12 FKT,Dispatch
SO12 FKU,Dispatch
SO12 FKV,Dispatch
SO12 FKW,Dispatch
SO12 FKX,Dispatch
SO12 FKY,Dispatch
SN63 YNS,Dispatch
SN63 YNT,Dispatch
LS63 KCK,E220
LS63 KFJ,E220
LS63 KMU,E220
LS63 KNA,E220
LS63 KJV,E220
LS63 KEJ,E220
LS63 KGZ,E220
DE10 NMF,Vito
